{"numInput":10,"numHidden":64,"numOutput":2,"inputWeights":{"rows":64,"cols":10,"data":[[-0.43143266955873494,-0.08633768360040422,0.4411675909055866,-0.21304177556919307,0.9943549034230258,0.38868507458864043,-0.6778657900777898,-0.5657845888280894,-0.011004366094717607,-0.6941941960353986],[-0.4322032772130978,0.2337519808565475,-0.31039390657884564,-0.49405144382154936,-0.4999262052532865,0.37241029649987206,-0.6629725389277277,-0.5560141977974082,0.0692642368583126,0.8418145200762707],[-0.8141860971012083,0.7992243539680507,-0.8129712844490222,0.7814836962780376,-1.093955452479619,0.5168916752376331,-0.3242858727439559,0.07864924523609075,0.0945233794946358,-0.9063130939333558],[-0.32633146000773167,0.9066217168824725,-0.12043645956577273,1.0126113489870288,0.012919048362698117,0.8116211499312146,-0.26929966106608094,0.6145495765019278,0.5426961843958981,-0.5468929374275283],[0.7085939309264188,-0.020462849220824458,0.4117966470689054,-0.7089296067577127,-0.49681685453430946,-0.46213474067943583,-0.5763557942800852,0.8600229168058547,0.47222790486109645,0.16859920119553398],[-0.5057704205965019,-0.8348528459900812,-1.1512090458519713,-0.4732277354424777,0.3401040014758326,-0.7406552352507763,0.04521493618907621,0.38088740359446543,1.2165846459787184,-0.6222047650270861],[0.6363214301392294,0.1582421622105734,0.8278492688513941,1.0088375487709114,0.5615530478229036,-0.9181219773665833,0.41546863123464745,-0.16991243643728937,0.9329388181979851,-0.6217212187582404],[-0.388037374201638,0.4868733995701125,-0.6609722615433318,-0.4446172060513967,0.9160943049584939,-0.6528824523087673,-0.9249314690224388,-0.27581159568159824,-0.4560903838231028,-0.6985608762053067],[0.5610206574052109,0.3822774604136391,0.6466359510574697,-0.8837059974117594,-0.4270684266344771,0.5982465596483202,-0.5084900529815682,-0.16745029822224775,-0.36662312087345533,0.049059755745902135],[0.8261374127363927,0.26279155960105777,-0.2638341690882665,0.7067688536565143,0.5787403878308266,0.7672974247980895,-0.6039432972984633,0.8104347302764936,0.886843872447095,0.822981731454948],[0.3427068606323655,-0.12698001767907294,0.1774002491519217,0.3819623298546659,-0.034437714888093225,-0.12878853545648772,-0.9530833833963299,-0.535801068473171,0.5912827209622552,-0.4972085466884934],[-0.4938557779828515,-0.22876673440441603,-0.7365546108470554,-0.68150971120847,-0.005561392533181914,-0.3797588054038176,0.5552763849214162,0.645553068153212,-0.5329984009538256,-0.11049354135473327],[0.7667672266184972,-0.7723337161093655,-0.02884869623246957,-0.28709884193042495,0.23605689515441394,-0.9074591646495477,0.23619292251185683,-0.11733790150385799,0.06416118457886835,0.7121685640166987],[0.3793991932171532,0.32740701980930825,-0.5026866664835724,-0.5598508680896841,0.5638026293423907,-0.8781098069197757,-0.9338368895318656,-0.41749483402410126,-0.8064007687754832,0.4825962873162302],[0.8180527434978766,0.5452866594415201,-0.8931560404079768,0.050168247773009884,0.5091196347743178,0.5205938297799241,-0.23873957558797626,-0.5612131417397423,0.094835958962873,0.968882932747232],[0.8955119553213507,0.3691056336885344,0.47419993121526116,0.960542732404833,-0.5501427478543335,-0.12090132679845784,-0.6012005450225485,0.17611417802738866,0.6969463251091026,-0.6498895649552433],[-0.9537204206342612,-0.9601515489015514,-0.6168628573331973,0.07615852243005691,-0.09312512803163377,-0.906175242781303,-0.21457527289160894,0.07563479674417165,0.3144514233317775,0.7454321416230534],[-0.14011060027684355,-0.3601878927828213,-0.3850078642027804,-0.7793881622561204,0.15702938111315556,-0.628060968009561,-0.06874898695508622,-0.8760081581599153,0.40950403585072864,-0.35297020007418767],[-0.6374613514948114,-0.5683448806816741,0.14997559877819902,0.7359824920224723,-0.7786663803034611,-0.17151850207749572,-0.6085736268453826,-0.41174901173450146,-0.666527136092003,-0.9706027485742413],[-0.7738917694609109,-0.2551673790860988,-0.4431364484759252,-0.9357822354394337,-0.7869073082546268,0.39208151108865263,-0.15810225671385397,-0.7184424512573556,0.21174730674862768,0.736631512193533],[0.7814447828396202,0.9280513711691433,0.8814571004655282,0.5981652518633421,-0.7910402970401006,0.3563160755781818,-0.028378840134352806,0.4517606835932265,0.8445490808959093,-0.012744479978121146],[0.7072422669370771,-0.30449868918631134,0.4466857050682107,-0.15781940953438445,-0.46796961328377157,0.782969676252595,0.2412454015697402,0.9889991762441522,0.9126584537048424,-0.5894302378562306],[-0.25621397405263235,-0.008858962655801765,-0.144024666447177,-0.6012632795639047,0.07376541984661861,0.18064603332502813,-0.7079847409083101,0.5613541980131048,0.09078929439040755,0.7001556254692226],[0.5099582380864143,0.8843345187339092,-0.038788807226589374,0.9921301559903251,0.2487080126837206,-0.12161879144730971,0.46664558072087664,-0.11560346002482899,-0.2813835612015459,0.6895689626927431],[-0.30236629256004754,0.39048777775643023,0.2784608994428761,-0.5004335976253607,0.40689824938244534,0.6691513784881595,0.608649098000255,0.270926432050604,0.9818960911379037,-0.6684988434418242],[-0.46698775751103416,-0.05721908746189251,-0.34835492531820467,-0.9133270899694759,-0.45681361018541267,-0.4628561290423948,-0.5820570702345977,0.13723862978202608,-0.3740417589522332,0.29372366410869594],[-0.7355032436460949,0.47029270582710697,-0.2802333510351088,-0.5038011008420957,-0.5753345336925716,-0.6342935487436444,0.634813412612305,-0.23983140993629035,-0.27013750681397725,0.498540317306409],[0.19072642680645055,0.16788225994151587,-0.9901022104675253,-0.31165386539025913,-0.5506017030412513,0.9292989438544724,0.904659069147637,0.7305169619581524,-0.1389581931728479,0.5928014714088125],[-0.11111745657022105,-0.25316303880802965,1.1236198951820116,-0.01666955789583179,-0.37603211294983646,0.27321206984409796,0.689555879826641,-0.21584375020835392,0.7005830005001245,-0.3266495101569814],[-0.3813973578966679,-0.8575583374284431,0.46652512502962873,-0.07566851522785482,-0.5629713621604829,-0.7176273943340374,-0.16141090947892411,-0.9819705591267276,-0.38346625096127723,-0.4598934421276495],[-0.7713159843638774,-0.9188098120453332,-0.6580201683087437,-0.6963215278730671,0.4121856733653549,0.4165258021715249,-0.13838592855090887,0.28208327406202477,-0.759143094025982,-0.27867194503934384],[-0.5177461775341501,-0.2300645358267725,-0.33195660896493073,-0.8103808241998053,-0.7306457936776508,0.18237600490337696,0.8475870449591641,0.3741557412856068,0.09033639336842636,0.8760715586082624],[-0.26348399394491784,0.7359754440505634,0.3368638379814892,0.6070413404096124,0.2620405617969597,-0.6950199488440562,-0.4437462600373144,-0.5495593173424642,-0.27613662971698294,0.8790402716741476],[-0.04803866666232176,0.21545843566951217,-0.6705664226643929,0.4086624352611951,-0.627547286620751,0.9401380743781379,-0.37876464104588686,0.5917179011787238,0.41756169292268325,0.6484338313398772],[-0.6896314842466968,-0.802020221400955,-0.3862738292212888,-0.968206502533025,-0.9444667867027006,-0.8198782341508465,-0.8294907483046924,-0.2023081643904314,-0.0022406300714762134,-0.18867474420011335],[-0.908466103212395,-0.25824973782286814,-0.6967722942499174,0.39695004140156465,-0.4162867047102966,-0.8064786782981288,-0.30491100737725885,0.16996664486128926,-0.9052182553050137,-0.9821059318992758],[-0.9662836350219631,-0.20131945033905752,-0.6579976342669713,-0.53095341582564,0.6198530863881797,-0.034570359673798984,-0.3341348967083478,-0.8464579130228413,0.012018572801938856,0.20529732968441533],[0.8421325548345914,0.2328013147590527,0.8226884076157531,0.983735973119128,0.05833912833336807,0.8359738636618897,-0.04034878001440534,-0.7745529458542715,-1.2686024776379838,0.3642844485082459],[-0.6115882879372341,-0.5211442357121189,-0.3306789616196474,0.7315869682209558,-0.22121502519186947,-0.7685188886318499,-0.3420036160649027,-0.6372437555819442,-1.0005673559269908,0.2974240910779708],[0.3659329122335309,-0.016262013216045562,0.6409692270411903,0.5408145649963269,