{"numInput":10,"numHidden":64,"numOutput":3,"inputWeights":{"rows":64,"cols":10,"data":[[2.72757401708957,0.3598359742319607,0.8272744529473102,-1.0989486996474975,2.0086015322054958,-0.5834154034413415,-0.3655240106666587,-1.3745659413068552,-0.15512926160927595,0.5040676715203453],[0.3288787737621032,0.24890452885948802,0.31837920518013113,1.141820988259546,-0.15012972403157868,0.9102370496301911,1.2122636429782794,1.4856043097674363,0.40659262578950495,0.05689940547352687],[0.979432608840712,1.6745193730259003,0.8775297426396445,1.449474534656567,0.5021542832041392,-0.12022857736000366,0.7404407293018158,-0.32524814404785235,0.6655213613191016,1.4323729145653787],[-0.2075757850456385,-0.7294856211311972,0.21192794258414865,-0.2936421801699462,-0.23552117911564965,-0.08131004098090192,-0.747350368655274,0.025728499140343718,-0.5762811012193557,-0.780383943326436],[11.921874093676578,-0.78744901650898,9.71710112978106,-2.375701265826364,7.123623731930732,-2.858379756135366,1.403526247554668,-3.6054487846360925,-4.235961585194548,-1.3975600623700877],[3.630276710349065,0.0020307809271302908,2.283143882043713,-0.23603836495609146,3.4246605559429484,-1.5306498522555245,-0.9412046652293746,-0.651113103152353,-0.09228244919677493,0.18319759844273523],[-0.5215070139236455,0.4479905187357018,-0.7584265728435592,-0.2172586247477492,0.06747251747730916,0.4079948930270688,-1.0799482818643205,-0.054969744978773674,-0.39682952092535423,-0.699321095776032],[-1.4032029102255785,-1.1683211491763161,-2.236649718187807,-0.004018176483160701,-0.38044309500556056,-0.150365669091827,0.46606375438762027,-0.2650978008670535,1.3011545921684315,-1.037828663632079],[6.27031693597685,-1.2086873303688233,4.874625939467792,-0.5836537970722767,3.0796261378152225,-0.9587214738588868,-0.7863203725158212,-1.288735980779868,-2.1509083485624974,-0.33049312005178116],[-4.772371944444818,0.012769091503306719,-3.3345243464697365,0.8732029392838342,-3.558713943724085,1.792944231212312,-0.5220699656591931,0.6834031424718825,1.668909780640864,0.42747024941792366],[-7.119851091715718,-0.6810565711636557,-6.191749774084746,0.5032078450246743,-2.9633387272274203,0.6304648667312981,-1.267654521700168,3.1411672962256634,3.3869528566327407,1.2140161300552033],[4.1947913400716335,0.5124671716725941,3.0733634917075703,-0.3212722632879897,2.1303918938854167,-0.1860586118344307,0.045576986692683764,-0.7474580229200877,-1.2701250606173837,-0.28457810822385604],[9.875442851981989,-0.16619329234353936,7.730582999061563,-0.5555877443414028,4.866500730741198,-2.2707359658529325,0.9865274687518688,-3.283282951096098,-3.964284720641631,-0.3541600650791357],[4.064638814035048,-0.6264562353587653,3.682625119281765,-0.3924485900661929,1.279340765152642,0.006802950674656202,-0.5109188597937784,-0.5327116223805969,-0.4690832059485094,0.6433954398957471],[6.600667850193647,-2.9484241214669042,3.3782312130334007,-1.2036658842569605,6.030160429107662,-2.2638243442014465,-2.396806666034675,-2.0495827491722416,2.6817943769882726,-2.140309443407376],[-0.11504819609725551,-0.8105919679975395,-0.4936010613651314,-0.26920292085958586,-1.0152116549271466,-1.53237592924563,-0.7472004708533779,-0.9417231291549559,-0.6033158386683561,-1.531310498934779],[-7.4797622030026805,3.8074196166703977,-4.602587682840935,0.09087864979487115,-7.7401826745539175,2.9888230780284,1.9206076378218273,2.1537171181984203,-2.486542902927102,3.6232023049827338],[-1.3043830244661452,0.7872052746927173,0.23307662616004335,0.9115762763017268,-0.13675360426312924,0.18828358321942726,1.1616588058937478,0.9634485232567684,0.5951380866373974,1.6666524602462254],[1.6073317621262966,-0.27627271550186017,1.5843611773538053,1.0155424176660355,1.3845394949826337,0.22246868971375872,0.6478731911071223,0.5618262561725056,-0.264269638626854,-0.3486014575827322],[1.7674185236241322,-0.20665512872215688,0.7718259175276986,-0.5298152061419419,0.4496744776349437,-0.30455159397205117,1.5242045555274437,-0.23167407232610063,-0.9326053642140527,0.06815304420463976],[0.7356655972993235,1.230991818798081,-0.30459675752347637,-0.5282943012106889,1.2254575379044639,0.6703290846711535,0.6801240856895695,-0.1346800624391161,1.270483901144362,1.0986193086858786],[-0.4655876231087125,1.4836373975663082,1.0322116189176715,-0.7611284664399164,-0.8946341794441889,0.324413941238787,0.5612482402254645,0.830138958240362,-1.437879525822036,-0.026525384807288745],[-0.019092534750119457,1.0918071581841235,-0.30799832689340456,0.46523438302108394,-0.07726689726640024,-0.1220497407486722,-0.14453473224492194,1.0203833254300445,1.3967522720574483,0.7332505363458669],[-0.1871831630118782,1.3060749485724743,0.3914721614771053,1.1286989358377395,0.8285092941227469,0.18690180699944975,1.6948734420761424,-0.025346465370654332,0.6806937486652244,-0.31106542334609416],[6.120233566669912,-0.9716198731946226,3.497850026537859,-1.2577542728086335,4.579648189549158,-1.1962840092366258,-1.951874756385351,-2.315562469834302,-0.4363052776486519,-1.6470353243245415],[-0.6138166813647309,-0.904118097561373,-0.7178682399247654,0.9645813609781576,0.18555259198117652,-0.3128715252412819,-0.5524649778316735,0.5710018563818157,1.0164377041310295,0.2655189532475362],[-3.3521787538746075,1.4125443146207775,-0.8733287384419893,-0.5426696376469521,-3.9240782640925924,0.8776785263175723,1.719518950191354,1.521520465936932,-1.1130389125078768,0.6911490917251185],[2.7474055644469653,-0.11755680237652016,1.953465259204878,-0.42221431283177097,3.8170831434366086,-0.503651393551755,-1.0045754932459303,-0.7170552294989521,0.0806436930079825,-0.7155140872965623],[-0.7284356978466046,-1.0844464124521187,-0.3501174547233042,-0.7076362540197376,-0.8127128402200845,-1.4452807149365507,-0.6030985285622036,-0.9938030284686382,-0.259758709144838,-0.37824602932387713],[2.8377958800906957,-0.28553381090507624,2.642342520687776,-0.8118792642517692,1.7108182040266917,-0.80654351163543,0.3382252679403977,0.2868838834176891,-0.2309607644395719,-0.2900843069412682],[-1.8891036602006872,-0.7570747173681155,-1.9896189645632505,-0.009182886760148449,-0.581797064691329,0.5226155869714906,-0.8749026512228826,0.6360452072439332,-0.043348837026526074,0.6792359919462261],[2.5014083163576823,-0.11734661851493232,2.298178906691428,-0.17298849836910782,0.46651793514065176,0.7759690726563284,1.4619922260065523,-0.8857136604731163,-0.6046252200696763,-0.4608000644171251],[-8.201366614872963,-0.025169478130797212,-7.171865016968426,2.3433959938265545,-4.3680620089573114,2.0496440817395736,-1.2789969144985813,2.7997646846722763,3.6809739593579187,0.6046833614749336],[0.4933468667585523,-1.3567302360172344,1.1899292286962937,0.4380696372459203,2.7537566483541793,0.3920948010691648,-1.2339485656644391,0.6162674206188178,1.0652004405102216,-0.6363043206973403],[-2.448878288705036,-0.6445327907048344,-2.7564928950342695,0.8561196174003266,-0.6057722281326111,0.4998042423817539,0.5140740672171533,0.20243147553917587,1.3214664647690393,-0.23084793677823215],[7.725561463712622,0.570788411265068,6.5411505971652755,-1.9892678345567654,3.867143125923954,-1.1842415797089998,0.025928941548193172,-1.730173475143438,-3.152888453739887,-0.7610783265231753],[-1.1285557820763343,-0.9329137096317305,-0.1640016564161747,-0.7716424297309373,-0.4752705828681123,-0.41567868098534544,-0.27989003179500477,-0.6066736628469542,0.55046294931876,-1.5590639298304951],[0.7048175907352661,-0.4617731124292772,0.9113338388273414,0.6711811788554741,0.008770117776732544,0.9157323003236937,1.1492898997322503,-0.4883349035304196,0.6166917538467583,0.9337235687887423],[-5.519936226095744,2.344748191150088,-3.1194392226533934,0.2450364053185108,-5.264767827779458,1.5796971130727075,1.8364809668136086,2.6199816871165047,-1.0986186971175302,0.4786143597101385],[0.006090931808960658,1.3432825425338824,1.0636267737864955,0.9117284958987524,0.5461713349904969,-0.2072872425735762,0.9786271151952919,0.45989171706930293,0.057781153463149056,1.0861376144810304],[0.876034519394331,