{"inputWeights":{"rows":64,"cols":10,"data":[[2.887792448119783,-0.6441554292595495,2.119203619298253,0.8033118630534484,3.0568121059687074,-1.7817995041308188,-3.8367800438329467,-0.3091642151525415,-2.2866868302295926,-0.8131140900425655],[6.021694625847131,1.0325225547770132,4.816889176207229,-0.6321371014016421,2.8384081952886087,-0.7873530919672791,-3.2785197378474686,0.6052905864289997,-4.511860477704981,0.8472945304298627],[-0.8264043409546933,0.33646837464749085,0.07295193920337126,0.008381064005289002,-0.966478145475253,0.18687923631537556,0.7025741855799791,1.0631179862227529,-0.8145606504154247,-0.45405605587627457],[-1.5871348727584667,-0.3921563210627634,-3.2473493292457145,0.7416810188381234,-1.3623796122022613,0.7088589936415582,-0.10396907586272798,0.3686044962940637,0.6593018544283322,-0.16393790825891008],[2.029039171491909,0.005334910834322944,2.3096025494928623,0.9372536932778363,1.3339394869754326,-0.9084638176763657,-0.9862999908205962,0.4440070720202517,-0.723858856338358,0.11356838316776365],[1.2081208548860842,-1.570732597110165,2.0408458541806858,0.2654345776522566,0.9870494179359323,0.006199695897962321,-1.8140490706328976,-0.0932269584332044,-1.543551785114094,-0.7307343607759642],[-3.142647688823821,0.22882000068925798,-2.0383873253050036,0.3079813606808024,-1.8117390776522182,-0.04646483473446291,2.396758615161591,-0.2338357280344136,2.4445659240126316,-0.5051844721794732],[-0.6337854415922333,0.48840131648857915,0.7298295179906602,0.39519613309649937,1.4429818226772493,0.7802894919030663,0.31956229633051936,0.7596303053958406,-0.16905702579120654,0.3236893769270817],[-1.7380900389536087,0.17517767631468906,-1.6785545504604245,1.3016930695719513,-1.6605458529654307,-0.40756173767164194,-0.6421908013528937,-0.7096346460981848,-0.09915535658455986,-0.7419648764522189],[-3.9547261972840864,0.2931615866428061,-1.3866227103742104,-0.7381694406942891,-1.883551178981776,1.4898480219600256,2.6174260204897113,1.0541085044696568,2.4378149763006953,1.1052581641084511],[-4.331021720712607,0.34134827571378434,-3.27804312682537,0.551436507166944,-1.8387655577213229,0.6241747561304319,2.695631585432595,-0.2528795593621879,3.6405439882976283,-0.38991078646258515],[-4.631291076746893,1.8095106856603287,-0.5413337149372902,-1.4342230755946686,-4.454633829618188,2.4077687916109918,4.014933984619959,1.6948260085280111,2.627797892800431,2.020087877506301],[-3.9546843559726415,0.8762347892533978,-1.1981956490574501,-0.14376597648393147,-4.371013193210798,1.3987129655838524,3.8056065366771414,-0.08134562530989028,3.042670734840816,1.4423356269074716],[-0.7447786639256185,0.17257651920998973,0.07999121141191866,-1.0092488887276787,-0.09905289550312844,-0.44881319139850323,-0.22861439906946526,-0.17903164243010614,0.2521119402557785,-0.511396317283754],[-4.9842544086062395,-0.6451327983855898,-4.658805530823419,-0.22217074630683561,-3.0371012407619347,0.7204133548228768,3.79420497536936,0.388510179480451,4.236057897084921,-1.2970520939730892],[3.968341112068985,0.4316589168295585,3.2618536058834753,0.767918278758493,2.1844053703091184,-1.174520221225348,-2.1997514717756355,0.8670862675425501,-2.925195997359166,-0.1803675813512371],[0.19373974820367773,1.2236248832960888,1.2908434650211915,-0.9462203747591919,1.4808179759086695,0.7146277647749762,0.08862800644090674,0.02655590281303001,0.88840948807642,-0.7181125489267082],[1.0792447276810697,0.3658435800158344,0.4695149553668005,-0.5746212429653554,0.9382973256004639,-0.4516472881687541,-1.9451720856904384,-1.2802703633191903,-0.7350712033679082,0.7554572204523636],[-1.935351701202655,0.8477561165010405,-1.3062324130159588,-1.3583506583586582,-2.2264460685707714,-0.8976857165057355,-1.981457465005992,0.5249354613352206,-1.1085171767938555,-0.6992397429852301],[1.0969595802468834,0.8373870926013374,-0.10664000199199856,1.3304669899214445,2.047365199492759,0.734475246377504,-0.41189331916342176,-0.19063386594428522,0.9023009968142935,0.4435375417664297],[9.27523021092946,-3.5190008175857357,4.256080952029856,3.5980662479269836,7.536153938949587,-2.252940230663248,-9.773463844380474,-1.554403715248041,-8.142454364514226,-3.173909373090045],[-2.1870044401443076,0.19239159768485303,-1.752240855797876,-1.0158041091505576,-2.677078244549271,0.30696014030112484,-2.2364853518559977,-0.3698647623857552,-2.0403061862572143,-1.0160309227407638],[0.8619434500854839,0.6443712982305461,1.238703501514642,0.7460718405452643,1.766358313072582,0.39591219082100115,2.9315426780942824,0.8663059018500175,1.5254839049129068,1.9312862188931132],[0.633559609044496,0.5344796691699661,0.759061038065345,-0.5965675856231049,1.1816207083776005,-0.1501192547448474,-0.4283200284803217,0.5220107748999616,-0.856707175099449,0.7199661795809398],[-0.36818617245718027,0.9666413627051927,-0.3989844335378012,0.2078435012308149,1.389099132191163,0.0663490458608309,0.9736806973214234,0.8159030168415361,0.15934135267901195,1.2745979858598857],[-5.245819841997295,0.3508922272094654,-3.6853606693079204,0.22386114899490842,-3.0689571218811187,0.044834788632364155,4.65870778947615,0.03259262974430029,4.360145426487431,0.12274634684058716],[0.48722511289422904,-0.29725283180825024,-0.8017133477900017,-1.7196628725802034,-0.6691584769348895,0.21480534451990205,0.10019449308024253,-1.8821734633376948,0.29606728535974447,0.24736528112480552],[9.808942580097014,0.9102307109055832,6.928495929471455,-0.3088313767179846,3.7278942892698557,-1.0234450513505224,-6.6206737507627675,1.0907588318919819,-7.384741765976106,2.006414955886275],[8.141076599993388,-2.9293017904086853,2.9696142023116634,3.4286061489443926,6.955823929715611,-2.561178757334226,-8.085507302731367,-0.9878957289076306,-6.503826277183747,-1.6199918016609134],[1.0675265794747386,0.9395950059567875,0.26265615511144713,0.25263154235373975,0.18410168298071428,0.6453636644148034,0.4125891441421514,0.29446722716298196,-1.1969866301300967,0.8592877670808082],[-7.686329649737893,2.7315475740796837,-3.2543914260603866,-2.350448503752541,-5.8607347672236525,2.2926293174432306,7.233538610313666,1.5963686233842118,6.306623138165832,1.9455989030612155],[-7.558025602127208,-1.783481656846345,-5.584148583070454,1.4351878893809173,-4.259370075066103,1.487190048090207,5.967314440788065,0.25885349673363367,5.994428769250797,-2.194359893465699],[9.647365166700327,-3.7626859586554393,3.2759898716866607,3.868540169765106,8.897006287164341,-2.15843912870043,-9.597379994763154,-1.0108172541545701,-8.689799706249488,-3.229375535063293],[-5.479936742691384,2.3251272414005895,-2.2131741520105956,-1.1196980127524836,-5.164623237061401,1.8726175923386599,4.512887014220395,1.9961993437587733,5.339835141714108,2.515739073491879],[0.48643381780253003,0.9638795660653356,0.13567348684409083,-0.852604603422995,0.9902756256699823,-0.735216867800493,0.6130264851772343,-0.9943975550182262,0.7425023519750652,-0.6369530657191214],[-7.860248917846746,-0.7682545694941808,-5.36679363932647,0.02202489974598346,-3.092226007280063,1.3754740098499694,5.10056784830068,0.06734842089322118,6.327661613303457,-1.7001225126613477],[-1.1565814019698741,-0.301408795105031,0.07875792540978746,-0.11223933392669781,-0.9445964782715882,-0.4138675113386297,0.5763677981733599,-0.22297071329616572,-0.19851160219157477,-0.11963264168426091],[-1.5839640783785616,0.8140596382652165,-0.49093774465817125,0.18129692114376833,-0.8999983363981595,0.3323925649780619,0.24860003651488985,0.869464219649402,0.09021068333583557,1.1279115415215748],[-2.87848032272261,1.5589928945516347,-1.5723225213633258,-1.2975967448527554,-2.505419004117868,1.2487561407095487,2.771505406413361,0.2299703134569015,1.8434569110190429,0.8855884345991774],[0.41268111824147957,-0.3158751151654611,1.164671564992871,0.43497583110179,1.7035210226104964,-0.5285590558846196,1.1603144326380121,-0.5088215236085588,-0.3317296541389706,0.28994871489984453],[0.7335056723820563,0.6402643129977528,0.7641137441794977,1.0802435237648886,1.7148102113752033,0.18781062065295184,