{"numInput":10,"numHidden":64,"numOutput":3,"inputWeights":{"rows":64,"cols":10,"data":[[2.291482983952333,-0.15106593464065735,1.598513401654673,1.0760340175475016,2.3477376856700567,-1.3714807074309026,-4.082037182075497,-0.031809405029329274,-2.970150376083394,-0.20592685530832244],[4.721357948421896,1.4629126341395813,3.5909270123249537,-0.30557341322959986,1.471845498339467,-0.27847267141561427,-4.078376826942904,0.7203369758034589,-5.671208936692464,1.3187495324151963],[-0.6594661741178983,0.14681372199672635,0.2226429394252576,-0.07267007542668556,-0.7484544096274659,0.053313259822790476,0.7793527277571732,0.9318651745031332,-0.5839922812561409,-0.7202642072497508],[-0.3738360419109106,-0.13597336523673656,-1.9748592017947206,0.7674260877973276,-0.2661618241709136,0.6716318282631997,1.0381754293155714,0.7393849461615511,1.4405143994650378,0.15328099435821826],[1.223680215544347,0.08590967142794691,1.4997317294769341,1.0248336626664938,0.5333103663788357,-0.732798786947702,-1.6353150734967579,0.394846020216536,-1.3727119212742058,0.2297626962657469],[0.9695195685009144,-1.2548097436008079,1.8676572587564628,0.4531020357967789,0.6743682173305121,0.26426363847077583,-1.8048776378811602,0.09012044390251929,-1.8573242998863437,-0.3860427975663539],[-2.60554345824812,-0.20613190254032152,-1.575926356388432,0.05346088746580146,-1.1772447363466017,-0.4208245368713756,2.596409272803629,-0.4684965694373806,3.0461938325585503,-1.0161893622517546],[-0.8008146726475589,0.46817352392498846,0.5493387076020724,0.38663559009963605,1.285488698737801,0.7857778790091506,0.14708129135647474,0.7283876149899232,-0.2925977280811446,0.31987849535592805],[-0.9391663478711314,0.163794436013691,-0.8639236992001805,1.2470548561971246,-0.8867762371082784,-0.5372166597627316,0.03860436542015782,-0.6082708582295486,0.5108757307729874,-0.7757928923203933],[-3.345621445377684,-0.3028309861156618,-0.8655785191871246,-1.052206317691601,-1.1305952466590976,1.0169865592061662,2.8318211120852115,0.6948529115478185,3.186549344793801,0.36035466550221773],[-3.639034802943551,-0.012210778945292024,-2.6601132986046574,0.2999893032842403,-1.0821612953997541,0.25881086605609116,3.020828125153503,-0.3890965815018354,4.3022755634102925,-0.7596333120814633],[-3.9174755936343257,0.908385331280524,0.05489665413329369,-1.8647402537064097,-3.5048649269367704,1.746971412286928,4.213831546472143,1.0941516025741576,3.629216425745126,0.8457175765928392],[-3.3045526661304416,0.17406038194638965,-0.6373177101875637,-0.48459130675047124,-3.5415055968695337,0.8701099764057514,4.0441431646216905,-0.5348596246144625,3.8935069772217883,0.5227433785863121],[-0.5670513731329311,0.08381519448308607,0.2647192163355585,-1.033216941484021,0.10266889158014243,-0.5111824061238469,-0.06876705741521881,-0.24053158431236293,0.44946629353161066,-0.6754337011901375],[-3.936012203832473,-1.0687935143922147,-3.6897025950178883,-0.5309677226507066,-1.915564238289365,0.2528953561617325,4.3811818779576,0.24701011218805247,5.200462443576264,-1.753648064874594],[3.0087906647265594,0.6515094506172004,2.3318110595023778,0.9501182656577737,1.2021858652426956,-0.8716540541887873,-2.8705834669250274,0.88458582405535,-3.7423353947282307,0.07454127955872737],[0.13563909860068343,1.33672242910283,1.2595411338095115,-0.877017405558695,1.3949257522064773,0.8061172331826517,0.12492477296270788,0.09486047160836056,0.7989439915591395,-0.6020664116062746],[0.7902881443475372,0.24359669389016994,0.1555493200438655,-0.6100613450902455,0.6943675004812854,-0.482771223156987,-2.2514293274648183,-1.4134801343117265,-0.8925380214343238,0.6073496739607869],[-2.3223871191967307,1.4402831723388778,-1.5597816102649573,-0.9929216626723655,-2.757477378711635,-0.40705818869456734,-1.8724445343831697,0.8734617865163518,-1.641066615790286,-0.09106411931456852],[0.6000798169666504,0.8975993734774429,-0.6051217131350675,1.389234345094239,1.5496724820642096,0.8496949863987106,-0.8068173492872798,-0.2120335798734064,0.49670782622949994,0.5267737750784391],[8.446446559308157,-2.6998879725910014,3.523653079357147,3.9904623151800327,6.494149963608684,-1.630980515198497,-10.124085404595633,-1.0190448067276807,-9.199056307797257,-2.0812728734764847],[-2.421037888079644,0.5466795835859097,-1.9064734094202822,-0.7971308312807197,-2.99710133368311,0.6007246130805867,-2.173332593864549,-0.16163972289067574,-2.3607294163643235,-0.6521723654226053],[1.2948546184015028,-0.18828392252726278,1.4800238491268451,0.2392636804098236,2.404600681691975,-0.2752270282644128,2.679550025970526,0.3592056560254674,2.1902099785104707,1.0789915418390563],[0.7079937744968997,0.7965371547678494,0.8984694630879034,-0.4502713058304605,1.185135203859623,0.02835742762508365,-0.1702657127479053,0.7083259163526534,-0.9059682050659111,0.9844021547655972],[-0.5716831854926163,0.8998956579888724,-0.6305345628768577,0.17068285491086063,1.2077468271292762,0.040621037440610804,0.7277799032457687,0.7511804831943683,0.024018594444945137,1.2318886181381863],[-4.332975328530288,-0.10527455300528225,-2.855765316712639,-0.08361210234903664,-2.0736288882615725,-0.41440069425819964,5.1365099553354066,-0.14849393220366397,5.240638072554378,-0.3914526532018082],[0.4480097824486984,-0.341906894255793,-0.8432671273790608,-1.728419924113624,-0.6928751840795635,0.19967939214573702,0.06154065841219446,-1.9271019700671996,0.2946144506740718,0.17644075885928948],[8.283041212486731,1.607847031045164,5.53735812946899,0.18529700227435894,2.0731450337570836,-0.2868306987603271,-7.4126009016779,1.3582134528957082,-8.8239475528086,2.7560319321638036],[7.302817631869106,-2.0781226209671555,2.232851983669601,3.8363634292409183,5.896579441398136,-1.917801459731093,-8.42889237042926,-0.43200884637421966,-7.582200301666228,-0.48856898182687064],[1.0223568263050051,0.9560612340002743,0.2169116519116569,0.259414760959323,0.1352318969129363,0.6600281272244741,0.3753855677855818,0.30302582082386137,-1.241660479285951,0.8871524461273176],[-6.894856922242549,1.8951620896934467,-2.5652384343036614,-2.7516258079585425,-4.85161467866343,1.6636394719808683,7.53850503239359,1.0480069347260146,7.3402688357703045,0.8395002473754393],[-6.280970883972199,-2.3824275637095558,-4.423693169963399,1.0121961301747981,-2.87050822760827,0.8585108040488381,6.619123902216506,0.027279347552958376,7.204269474645359,-2.8362411302480477],[8.728984940617549,-2.8262401400119703,2.46942105637523,4.318090591669757,7.734598262653566,-1.449239353322431,-9.968559076363489,-0.3962248977705147,-9.87248105408689,-1.9846554970098698],[-4.778998469330058,1.4947212032047383,-1.6194966820418684,-1.518293767064727,-4.246357704504048,1.2574396691303658,4.732793095754836,1.4456302808926633,6.297520205314212,1.4310204728980775],[-0.32093232502744434,0.5486884038084207,-0.8052973537388184,-1.0660078964005313,0.3147241440763949,-0.9304881882714705,-0.43462578742559993,-1.3682309002526074,0.2814702972300375,-0.9942942409213715],[-6.697303066792825,-1.3465288988160706,-4.318345954157979,-0.3825548948209516,-1.819429409521987,0.7788161375250686,5.669866954910628,-0.16406762202377834,7.442027802137241,-2.318019549505891],[-1.2569622190900094,-0.3665865864763629,-0.034682041402633056,-0.13630722313156024,-1.0234353341841382,-0.4399998615646479,0.4567806682874467,-0.2848887352861087,-0.24323200300019338,-0.19633133161576957],[-1.6787294026509718,-0.2208534453368067,-0.7856496901218446,-0.32792618736434515,-0.7080680281077172,-0.33996952201375347,-0.44090477962159613,0.10860190259643202,0.4925121115763458,-0.06706508744254547],[-2.235431331581159,0.8022263145940584,-1.032730224681552,-1.6711420541933268,-1.6696214134830576,0.6806080646583914,2.9611892200966503,-0.2587480500870309,2.708612592813182,-0.08564217740196528],[0.28957296873255445,-0.2318359586619589,1.0597507866786036,0.49125248826056706,1.5625487547971033,-0.4483609882543657,1.1186324552315177,-0.46901131139431407,-0.45874402426333283,0.37847152889293556],[0.7055997772455844,0.7395417204774741,0.759562807999553,